Pre-test,Post-test
72.25999409,90.45731015
64.71840538,61.61589121
54.73152502,49.68090943
47.57071262,58.01886028
39.73575424,74.89828039
61.52585443,70.01135196
58.76765707,59.94161393
48.50499834,85.30074867
49.51381552,63.18094502
52.69541444,57.87018643
53.07368944,82.88299658
54.37177753,72.36511203
52.18364178,52.36096277
65.23626624,84.06110518
47.76514357,72.55408723
63.72507828,79.48150199
71.67963934,81.90532341